Crop,Crop_Bangla,Season,Season_Bangla,Crop_Group,Growing_Period,Cultivar,Start_MM_DD,End_MM_DD,Reference_Duration_Days,Bangladesh_Study_CWR_mm,Bangladesh_Study_IWR_mm,Source_Type,Source,Database_Status
Rice,ধান,Boro,বোরো,Rice,Dry season,BRRI dhan28,01-15,04-29,105.0,477.0,897.0,BANGLADESH_CROPWAT,"Hossain et al. (2020), Irrigation Strategy for Crop Production in Northwest and Southwest Region of Bangladesh",Bangladesh source-backed
Rice,ধান,T. Aman,টি. আমন,Rice,Monsoon,BRRI dhan49,07-25,11-06,104.0,446.0,91.0,BANGLADESH_CROPWAT,"Hossain et al. (2020), Irrigation Strategy for Crop Production in Northwest and Southwest Region of Bangladesh",Bangladesh source-backed
Rice,ধান,T. Aus,টি. আউশ,Rice,Pre-monsoon / monsoon,BRRI dhan48,04-15,07-18,95.0,499.0,439.0,BANGLADESH_CROPWAT,"Hossain et al. (2020), Irrigation Strategy for Crop Production in Northwest and Southwest Region of Bangladesh",Bangladesh source-backed
Wheat,গম,Rabi,রবি,Cereal,Rabi,BARI Gom-26,12-01,03-20,110.0,255.0,194.0,BANGLADESH_CROPWAT,"Hossain et al. (2020), Irrigation Strategy for Crop Production in Northwest and Southwest Region of Bangladesh",Bangladesh source-backed
Maize,ভুট্টা,Rabi/Kharif,রবি/খরিফ,Cereal,Rabi / Kharif,Generic,,,,415.0,343.0,BANGLADESH_CROPWAT,"Hossain et al. (2020), Irrigation Strategy for Crop Production in Northwest and Southwest Region of Bangladesh",Bangladesh source-backed
Potato,আলু,Rabi,রবি,Tuber,Rabi,BARI Alu-8,11-25,02-22,90.0,202.0,163.0,BANGLADESH_CROPWAT,"Hossain et al. (2020), Irrigation Strategy for Crop Production in Northwest and Southwest Region of Bangladesh",Bangladesh source-backed
Mustard,সরিষা,Rabi,রবি,Oilseed,Rabi,BARI Sharisha-14,11-20,02-07,80.0,169.0,119.0,BANGLADESH_CROPWAT,"Hossain et al. (2020), Irrigation Strategy for Crop Production in Northwest and Southwest Region of Bangladesh",Bangladesh source-backed
Tomato,টমেটো,Rabi/Kharif,রবি/খরিফ,Vegetable,Season dependent,Generic,,,,,,FAO_REFERENCE,FAO Crop Water Needs / Crop Evapotranspiration,Reference value - verify/localize before claiming Bangladesh-specific
Onion,পেঁয়াজ,Rabi,রবি,Bulb crop,Rabi,Generic,,,,,,FAO_REFERENCE,FAO Crop Water Needs / Crop Evapotranspiration,Reference value - verify/localize before claiming Bangladesh-specific
