Crop_or_Season,Location,Net_Irrigation_Reference_mm,Source_Type,Source
Boro,Bogura,1056,BANGLADESH_CROPWAT,"Hossain et al. (2020), Irrigation Strategy for Crop Production in Northwest and Southwest Region of Bangladesh"
Boro,Rangpur,765,BANGLADESH_CROPWAT,"Hossain et al. (2020), Irrigation Strategy for Crop Production in Northwest and Southwest Region of Bangladesh"
Boro,Rajshahi,923,BANGLADESH_CROPWAT,"Hossain et al. (2020), Irrigation Strategy for Crop Production in Northwest and Southwest Region of Bangladesh"
Boro,Ishwardi,871,BANGLADESH_CROPWAT,"Hossain et al. (2020), Irrigation Strategy for Crop Production in Northwest and Southwest Region of Bangladesh"
Boro,Chuadanga,868,BANGLADESH_CROPWAT,"Hossain et al. (2020), Irrigation Strategy for Crop Production in Northwest and Southwest Region of Bangladesh"
Boro,Jashore,874,BANGLADESH_CROPWAT,"Hossain et al. (2020), Irrigation Strategy for Crop Production in Northwest and Southwest Region of Bangladesh"
Boro,Dinajpur,923,BANGLADESH_CROPWAT,"Hossain et al. (2020), Irrigation Strategy for Crop Production in Northwest and Southwest Region of Bangladesh"
T. Aman,Bogura,60,BANGLADESH_CROPWAT,"Hossain et al. (2020), Irrigation Strategy for Crop Production in Northwest and Southwest Region of Bangladesh"
T. Aman,Rangpur,0,BANGLADESH_CROPWAT,"Hossain et al. (2020), Irrigation Strategy for Crop Production in Northwest and Southwest Region of Bangladesh"
T. Aman,Rajshahi,190,BANGLADESH_CROPWAT,"Hossain et al. (2020), Irrigation Strategy for Crop Production in Northwest and Southwest Region of Bangladesh"
T. Aman,Ishwardi,133,BANGLADESH_CROPWAT,"Hossain et al. (2020), Irrigation Strategy for Crop Production in Northwest and Southwest Region of Bangladesh"
T. Aman,Chuadanga,127,BANGLADESH_CROPWAT,"Hossain et al. (2020), Irrigation Strategy for Crop Production in Northwest and Southwest Region of Bangladesh"
T. Aman,Jashore,67,BANGLADESH_CROPWAT,"Hossain et al. (2020), Irrigation Strategy for Crop Production in Northwest and Southwest Region of Bangladesh"
T. Aman,Dinajpur,60,BANGLADESH_CROPWAT,"Hossain et al. (2020), Irrigation Strategy for Crop Production in Northwest and Southwest Region of Bangladesh"
T. Aus,Bogura,397,BANGLADESH_CROPWAT,"Hossain et al. (2020), Irrigation Strategy for Crop Production in Northwest and Southwest Region of Bangladesh"
T. Aus,Rangpur,271,BANGLADESH_CROPWAT,"Hossain et al. (2020), Irrigation Strategy for Crop Production in Northwest and Southwest Region of Bangladesh"
T. Aus,Rajshahi,483,BANGLADESH_CROPWAT,"Hossain et al. (2020), Irrigation Strategy for Crop Production in Northwest and Southwest Region of Bangladesh"
T. Aus,Ishwardi,508,BANGLADESH_CROPWAT,"Hossain et al. (2020), Irrigation Strategy for Crop Production in Northwest and Southwest Region of Bangladesh"
T. Aus,Chuadanga,496,BANGLADESH_CROPWAT,"Hossain et al. (2020), Irrigation Strategy for Crop Production in Northwest and Southwest Region of Bangladesh"
T. Aus,Jashore,514,BANGLADESH_CROPWAT,"Hossain et al. (2020), Irrigation Strategy for Crop Production in Northwest and Southwest Region of Bangladesh"
T. Aus,Dinajpur,407,BANGLADESH_CROPWAT,"Hossain et al. (2020), Irrigation Strategy for Crop Production in Northwest and Southwest Region of Bangladesh"
Wheat,Bogura,275,BANGLADESH_CROPWAT,"Hossain et al. (2020), Irrigation Strategy for Crop Production in Northwest and Southwest Region of Bangladesh"
Wheat,Rangpur,168,BANGLADESH_CROPWAT,"Hossain et al. (2020), Irrigation Strategy for Crop Production in Northwest and Southwest Region of Bangladesh"
Wheat,Rajshahi,186,BANGLADESH_CROPWAT,"Hossain et al. (2020), Irrigation Strategy for Crop Production in Northwest and Southwest Region of Bangladesh"
Wheat,Ishwardi,194,BANGLADESH_CROPWAT,"Hossain et al. (2020), Irrigation Strategy for Crop Production in Northwest and Southwest Region of Bangladesh"
Wheat,Chuadanga,186,BANGLADESH_CROPWAT,"Hossain et al. (2020), Irrigation Strategy for Crop Production in Northwest and Southwest Region of Bangladesh"
Wheat,Jashore,182,BANGLADESH_CROPWAT,"Hossain et al. (2020), Irrigation Strategy for Crop Production in Northwest and Southwest Region of Bangladesh"
Wheat,Dinajpur,169,BANGLADESH_CROPWAT,"Hossain et al. (2020), Irrigation Strategy for Crop Production in Northwest and Southwest Region of Bangladesh"
Mustard,Bogura,115,BANGLADESH_CROPWAT,"Hossain et al. (2020), Irrigation Strategy for Crop Production in Northwest and Southwest Region of Bangladesh"
Mustard,Rangpur,116,BANGLADESH_CROPWAT,"Hossain et al. (2020), Irrigation Strategy for Crop Production in Northwest and Southwest Region of Bangladesh"
Mustard,Rajshahi,113,BANGLADESH_CROPWAT,"Hossain et al. (2020), Irrigation Strategy for Crop Production in Northwest and Southwest Region of Bangladesh"
Mustard,Ishwardi,129,BANGLADESH_CROPWAT,"Hossain et al. (2020), Irrigation Strategy for Crop Production in Northwest and Southwest Region of Bangladesh"
Mustard,Chuadanga,127,BANGLADESH_CROPWAT,"Hossain et al. (2020), Irrigation Strategy for Crop Production in Northwest and Southwest Region of Bangladesh"
Mustard,Jashore,123,BANGLADESH_CROPWAT,"Hossain et al. (2020), Irrigation Strategy for Crop Production in Northwest and Southwest Region of Bangladesh"
Mustard,Dinajpur,112,BANGLADESH_CROPWAT,"Hossain et al. (2020), Irrigation Strategy for Crop Production in Northwest and Southwest Region of Bangladesh"
Maize,Bogura,320,BANGLADESH_CROPWAT,"Hossain et al. (2020), Irrigation Strategy for Crop Production in Northwest and Southwest Region of Bangladesh"
Maize,Rangpur,314,BANGLADESH_CROPWAT,"Hossain et al. (2020), Irrigation Strategy for Crop Production in Northwest and Southwest Region of Bangladesh"
Maize,Rajshahi,323,BANGLADESH_CROPWAT,"Hossain et al. (2020), Irrigation Strategy for Crop Production in Northwest and Southwest Region of Bangladesh"
Maize,Ishwardi,370,BANGLADESH_CROPWAT,"Hossain et al. (2020), Irrigation Strategy for Crop Production in Northwest and Southwest Region of Bangladesh"
Maize,Chuadanga,365,BANGLADESH_CROPWAT,"Hossain et al. (2020), Irrigation Strategy for Crop Production in Northwest and Southwest Region of Bangladesh"
Maize,Jashore,378,BANGLADESH_CROPWAT,"Hossain et al. (2020), Irrigation Strategy for Crop Production in Northwest and Southwest Region of Bangladesh"
Maize,Dinajpur,328,BANGLADESH_CROPWAT,"Hossain et al. (2020), Irrigation Strategy for Crop Production in Northwest and Southwest Region of Bangladesh"
Potato,Bogura,148,BANGLADESH_CROPWAT,"Hossain et al. (2020), Irrigation Strategy for Crop Production in Northwest and Southwest Region of Bangladesh"
Potato,Rangpur,189,BANGLADESH_CROPWAT,"Hossain et al. (2020), Irrigation Strategy for Crop Production in Northwest and Southwest Region of Bangladesh"
Potato,Rajshahi,181,BANGLADESH_CROPWAT,"Hossain et al. (2020), Irrigation Strategy for Crop Production in Northwest and Southwest Region of Bangladesh"
Potato,Ishwardi,154,BANGLADESH_CROPWAT,"Hossain et al. (2020), Irrigation Strategy for Crop Production in Northwest and Southwest Region of Bangladesh"
Potato,Chuadanga,139,BANGLADESH_CROPWAT,"Hossain et al. (2020), Irrigation Strategy for Crop Production in Northwest and Southwest Region of Bangladesh"
Potato,Jashore,159,BANGLADESH_CROPWAT,"Hossain et al. (2020), Irrigation Strategy for Crop Production in Northwest and Southwest Region of Bangladesh"
Potato,Dinajpur,170,BANGLADESH_CROPWAT,"Hossain et al. (2020), Irrigation Strategy for Crop Production in Northwest and Southwest Region of Bangladesh"
